<metadata xml:lang="en"><Esri><CreaDate>20080617</CreaDate><CreaTime>13095400</CreaTime><SyncOnce>FALSE</SyncOnce><MetaID>{0466F852-E0F9-49F3-94BA-10489321536E}</MetaID><DataProperties><lineage><Process Name="Define Projection (2)" ToolSource="c:\program files (x86)\arcgis\desktop10.5\ArcToolbox\Toolboxes\Data Management Tools.tbx\DefineProjection" Date="20190320" Time="191440">DefineProjection rbasin_polygon GEOGCS['GCS_GDA_1994',DATUM['D_GDA_1994',SPHEROID['GRS_1980',6378137.0,298.257222101]],PRIMEM['Greenwich',0.0],UNIT['Degree',0.0174532925199433]]</Process><Process ToolSource="c:\program files (x86)\arcgis\desktop10.5\ArcToolbox\Toolboxes\Conversion Tools.tbx\FeatureClassToFeatureClass" Date="20190320" Time="192551">FeatureClassToFeatureClass rbasin_polygon C:\Py\NRS568\Code\mid\dev\data\VectorAUS.gdb basin # "AREA "AREA" true true false 31 Double 15 30 ,First,#,rbasin_polygon,AREA,-1,-1;PERIMETER "PERIMETER" true true false 31 Double 15 30 ,First,#,rbasin_polygon,PERIMETER,-1,-1;AUS_ "AUS_" true true false 11 Double 0 11 ,First,#,rbasin_polygon,AUS_,-1,-1;AUS_ID "AUS_ID" true true false 11 Double 0 11 ,First,#,rbasin_polygon,AUS_ID,-1,-1;F_CODE "F_CODE" true true false 12 Text 0 0 ,First,#,rbasin_polygon,F_CODE,-1,-1;BNAME "BNAME" true true false 30 Text 0 0 ,First,#,rbasin_polygon,BNAME,-1,-1;BNUM "BNUM" true true false 5 Text 0 0 ,First,#,rbasin_polygon,BNUM,-1,-1;RNAME "RNAME" true true false 35 Text 0 0 ,First,#,rbasin_polygon,RNAME,-1,-1;RNUM "RNUM" true true false 5 Text 0 0 ,First,#,rbasin_polygon,RNUM,-1,-1;DNAME "DNAME" true true false 25 Text 0 0 ,First,#,rbasin_polygon,DNAME,-1,-1;DNUM "DNUM" true true false 5 Text 0 0 ,First,#,rbasin_polygon,DNUM,-1,-1;CENTROID_Y "CENTROID_Y" true true false 31 Double 15 30 ,First,#,rbasin_polygon,CENTROID_Y,-1,-1;CENTROID_X "CENTROID_X" true true false 31 Double 15 30 ,First,#,rbasin_polygon,CENTROID_X,-1,-1" #</Process><Process Name="Define Projection (2)" ToolSource="c:\program files (x86)\arcgis\desktop10.5\ArcToolbox\Toolboxes\Data Management Tools.tbx\DefineProjection" Date="20190320" Time="231649">DefineProjection C:\Py\NRS568\Code\mid\nrs568_mid\data\VectorAUS.gdb\basin GEOGCS['GCS_GDA_1994',DATUM['D_GDA_1994',SPHEROID['GRS_1980',6378137.0,298.257222101]],PRIMEM['Greenwich',0.0],UNIT['Degree',0.0174532925199433]]</Process><Process ToolSource="c:\program files (x86)\arcgis\desktop10.5\ArcToolbox\Toolboxes\Conversion Tools.tbx\FeatureClassToFeatureClass" Date="20190321" Time="205711">FeatureClassToFeatureClass C:\Py\NRS568\Code\mid\nrs568_mid\data\VectorAUS.gdb\basin C:\Py\NRS568\Code\mid\nrs568_mid\mid_project_prita\data\input basin.shp # "AREA "AREA" true true false 8 Double 0 0 ,First,#,C:\Py\NRS568\Code\mid\nrs568_mid\data\VectorAUS.gdb\basin,AREA,-1,-1;PERIMETER "PERIMETER" true true false 8 Double 0 0 ,First,#,C:\Py\NRS568\Code\mid\nrs568_mid\data\VectorAUS.gdb\basin,PERIMETER,-1,-1;AUS_ "AUS_" true true false 8 Double 0 0 ,First,#,C:\Py\NRS568\Code\mid\nrs568_mid\data\VectorAUS.gdb\basin,AUS_,-1,-1;AUS_ID "AUS_ID" true true false 8 Double 0 0 ,First,#,C:\Py\NRS568\Code\mid\nrs568_mid\data\VectorAUS.gdb\basin,AUS_ID,-1,-1;F_CODE "F_CODE" true true false 12 Text 0 0 ,First,#,C:\Py\NRS568\Code\mid\nrs568_mid\data\VectorAUS.gdb\basin,F_CODE,-1,-1;BNAME "BNAME" true true false 30 Text 0 0 ,First,#,C:\Py\NRS568\Code\mid\nrs568_mid\data\VectorAUS.gdb\basin,BNAME,-1,-1;BNUM "BNUM" true true false 5 Text 0 0 ,First,#,C:\Py\NRS568\Code\mid\nrs568_mid\data\VectorAUS.gdb\basin,BNUM,-1,-1;RNAME "RNAME" true true false 35 Text 0 0 ,First,#,C:\Py\NRS568\Code\mid\nrs568_mid\data\VectorAUS.gdb\basin,RNAME,-1,-1;RNUM "RNUM" true true false 5 Text 0 0 ,First,#,C:\Py\NRS568\Code\mid\nrs568_mid\data\VectorAUS.gdb\basin,RNUM,-1,-1;DNAME "DNAME" true true false 25 Text 0 0 ,First,#,C:\Py\NRS568\Code\mid\nrs568_mid\data\VectorAUS.gdb\basin,DNAME,-1,-1;DNUM "DNUM" true true false 5 Text 0 0 ,First,#,C:\Py\NRS568\Code\mid\nrs568_mid\data\VectorAUS.gdb\basin,DNUM,-1,-1;CENTROID_Y "CENTROID_Y" true true false 8 Double 0 0 ,First,#,C:\Py\NRS568\Code\mid\nrs568_mid\data\VectorAUS.gdb\basin,CENTROID_Y,-1,-1;CENTROID_X "CENTROID_X" true true false 8 Double 0 0 ,First,#,C:\Py\NRS568\Code\mid\nrs568_mid\data\VectorAUS.gdb\basin,CENTROID_X,-1,-1;Shape_Leng "Shape_Leng" false true true 8 Double 0 0 ,First,#,C:\Py\NRS568\Code\mid\nrs568_mid\data\VectorAUS.gdb\basin,Shape_Length,-1,-1;Shape_Area "Shape_Area" false true true 8 Double 0 0 ,First,#,C:\Py\NRS568\Code\mid\nrs568_mid\data\VectorAUS.gdb\basin,Shape_Area,-1,-1" #</Process><Process Name="Define Projection (2)" ToolSource="c:\program files (x86)\arcgis\desktop10.5\ArcToolbox\Toolboxes\Data Management Tools.tbx\DefineProjection" Date="20190321" Time="213003">DefineProjection C:\Py\NRS568\Code\mid_project_prita\data\input\basin.shp GEOGCS['GCS_GDA_1994',DATUM['D_GDA_1994',SPHEROID['GRS_1980',6378137.0,298.257222101]],PRIMEM['Greenwich',0.0],UNIT['Degree',0.0174532925199433]]</Process><Process Name="Define Projection (2)" ToolSource="c:\program files (x86)\arcgis\desktop10.5\ArcToolbox\Toolboxes\Data Management Tools.tbx\DefineProjection" Date="20190321" Time="213122">DefineProjection C:\Py\NRS568\Code\mid_project_prita\data\input\basin.shp GEOGCS['GCS_GDA_1994',DATUM['D_GDA_1994',SPHEROID['GRS_1980',6378137.0,298.257222101]],PRIMEM['Greenwich',0.0],UNIT['Degree',0.0174532925199433]]</Process><Process Name="Define Projection (2)" ToolSource="c:\program files (x86)\arcgis\desktop10.5\ArcToolbox\Toolboxes\Data Management Tools.tbx\DefineProjection" Date="20190321" Time="213236">DefineProjection C:\Py\NRS568\Code\mid_project_prita\data\input\basin.shp GEOGCS['GCS_GDA_1994',DATUM['D_GDA_1994',SPHEROID['GRS_1980',6378137.0,298.257222101]],PRIMEM['Greenwich',0.0],UNIT['Degree',0.0174532925199433]]</Process><Process Name="Define Projection (2)" ToolSource="c:\program files (x86)\arcgis\desktop10.5\ArcToolbox\Toolboxes\Data Management Tools.tbx\DefineProjection" Date="20190321" Time="213537">DefineProjection C:\Py\NRS568\Code\mid_project_prita\data\input\basin.shp GEOGCS['GCS_GDA_1994',DATUM['D_GDA_1994',SPHEROID['GRS_1980',6378137.0,298.257222101]],PRIMEM['Greenwich',0.0],UNIT['Degree',0.0174532925199433]]</Process><Process ToolSource="c:\program files (x86)\arcgis\desktop10.5\ArcToolbox\Toolboxes\Analysis Tools.tbx\Clip" Date="20190322" Time="025406">Clip C:/Py/NRS568/Code/mid_project_prita/data/input/basin.shp C:/Py/NRS568/Code/mid_project_prita/data/input/soil.shp C:\Py\NRS568\Code\mid_project_prita\data\temp\gbr.shp #</Process><Process ToolSource="c:\program files (x86)\arcgis\desktop10.5\ArcToolbox\Toolboxes\Analysis Tools.tbx\SpatialJoin" Date="20190322" Time="025406">SpatialJoin C:/Py/NRS568/Code/mid_project_prita/data/temp/gbr.shp C:/Py/NRS568/Code/mid_project_prita/data/temp/qsl_aquaculture.shp C:\Py\NRS568\Code\mid_project_prita\data\temp\gbr_0.shp JOIN_ONE_TO_ONE KEEP_ALL "AREA "AREA" true true false 19 Double 0 0 ,First,#,C:/Py/NRS568/Code/mid_project_prita/data/temp/gbr.shp,AREA,-1,-1;PERIMETER "PERIMETER" true true false 19 Double 0 0 ,First,#,C:/Py/NRS568/Code/mid_project_prita/data/temp/gbr.shp,PERIMETER,-1,-1;AUS_ "AUS_" true true false 19 Double 0 0 ,First,#,C:/Py/NRS568/Code/mid_project_prita/data/temp/gbr.shp,AUS_,-1,-1;AUS_ID "AUS_ID" true true false 19 Double 0 0 ,First,#,C:/Py/NRS568/Code/mid_project_prita/data/temp/gbr.shp,AUS_ID,-1,-1;F_CODE "F_CODE" true true false 12 Text 0 0 ,First,#,C:/Py/NRS568/Code/mid_project_prita/data/temp/gbr.shp,F_CODE,-1,-1;BNAME "BNAME" true true false 30 Text 0 0 ,First,#,C:/Py/NRS568/Code/mid_project_prita/data/temp/gbr.shp,BNAME,-1,-1;BNUM "BNUM" true true false 5 Text 0 0 ,First,#,C:/Py/NRS568/Code/mid_project_prita/data/temp/gbr.shp,BNUM,-1,-1;RNAME "RNAME" true true false 35 Text 0 0 ,First,#,C:/Py/NRS568/Code/mid_project_prita/data/temp/gbr.shp,RNAME,-1,-1;RNUM "RNUM" true true false 5 Text 0 0 ,First,#,C:/Py/NRS568/Code/mid_project_prita/data/temp/gbr.shp,RNUM,-1,-1;DNAME "DNAME" true true false 25 Text 0 0 ,First,#,C:/Py/NRS568/Code/mid_project_prita/data/temp/gbr.shp,DNAME,-1,-1;DNUM "DNUM" true true false 5 Text 0 0 ,First,#,C:/Py/NRS568/Code/mid_project_prita/data/temp/gbr.shp,DNUM,-1,-1;CENTROID_Y "CENTROID_Y" true true false 19 Double 0 0 ,First,#,C:/Py/NRS568/Code/mid_project_prita/data/temp/gbr.shp,CENTROID_Y,-1,-1;CENTROID_X "CENTROID_X" true true false 19 Double 0 0 ,First,#,C:/Py/NRS568/Code/mid_project_prita/data/temp/gbr.shp,CENTROID_X,-1,-1;Shape_Leng "Shape_Leng" true true false 19 Double 0 0 ,First,#,C:/Py/NRS568/Code/mid_project_prita/data/temp/gbr.shp,Shape_Leng,-1,-1;Shape_Area "Shape_Area" true true false 19 Double 0 0 ,First,#,C:/Py/NRS568/Code/mid_project_prita/data/temp/gbr.shp,Shape_Area,-1,-1;Id "Id" true true false 6 Long 0 6 ,First,#,C:/Py/NRS568/Code/mid_project_prita/data/temp/qsl_aquaculture.shp,Id,-1,-1" INTERSECT # #</Process><Process ToolSource="c:\program files (x86)\arcgis\desktop10.5\ArcToolbox\Toolboxes\Data Management Tools.tbx\AddField" Date="20190322" Time="025406">AddField C:/Py/NRS568/Code/mid_project_prita/data/temp/gbr_0.shp INDEX1 DOUBLE # # # # NULLABLE NON_REQUIRED #</Process><Process ToolSource="c:\program files (x86)\arcgis\desktop10.5\ArcToolbox\Toolboxes\Data Management Tools.tbx\CalculateField" Date="20190322" Time="025406">CalculateField C:/Py/NRS568/Code/mid_project_prita/data/temp/gbr_0.shp INDEX1 [Join_Count] VB #</Process><Process ToolSource="c:\program files (x86)\arcgis\desktop10.5\ArcToolbox\Toolboxes\Data Management Tools.tbx\DeleteField" Date="20190322" Time="025406">DeleteField C:/Py/NRS568/Code/mid_project_prita/data/temp/gbr_0.shp Join_Count</Process><Process ToolSource="c:\program files (x86)\arcgis\desktop10.5\ArcToolbox\Toolboxes\Data Management Tools.tbx\DeleteField" Date="20190322" Time="025406">DeleteField C:/Py/NRS568/Code/mid_project_prita/data/temp/gbr_0.shp TARGET_FID</Process><Process ToolSource="c:\program files (x86)\arcgis\desktop10.5\ArcToolbox\Toolboxes\Data Management Tools.tbx\DeleteField" Date="20190322" Time="025406">DeleteField C:/Py/NRS568/Code/mid_project_prita/data/temp/gbr_0.shp Id</Process><Process ToolSource="c:\program files (x86)\arcgis\desktop10.5\ArcToolbox\Toolboxes\Analysis Tools.tbx\SpatialJoin" Date="20190322" Time="025407">SpatialJoin C:/Py/NRS568/Code/mid_project_prita/data/temp/gbr_0.shp C:/Py/NRS568/Code/mid_project_prita/data/temp/qsl_pig.shp C:\Py\NRS568\Code\mid_project_prita\data\temp\gbr_1.shp JOIN_ONE_TO_ONE KEEP_ALL "AREA "AREA" true true false 19 Double 0 0 ,First,#,C:/Py/NRS568/Code/mid_project_prita/data/temp/gbr_0.shp,AREA,-1,-1;PERIMETER "PERIMETER" true true false 19 Double 0 0 ,First,#,C:/Py/NRS568/Code/mid_project_prita/data/temp/gbr_0.shp,PERIMETER,-1,-1;AUS_ "AUS_" true true false 19 Double 0 0 ,First,#,C:/Py/NRS568/Code/mid_project_prita/data/temp/gbr_0.shp,AUS_,-1,-1;AUS_ID "AUS_ID" true true false 19 Double 0 0 ,First,#,C:/Py/NRS568/Code/mid_project_prita/data/temp/gbr_0.shp,AUS_ID,-1,-1;F_CODE "F_CODE" true true false 12 Text 0 0 ,First,#,C:/Py/NRS568/Code/mid_project_prita/data/temp/gbr_0.shp,F_CODE,-1,-1;BNAME "BNAME" true true false 30 Text 0 0 ,First,#,C:/Py/NRS568/Code/mid_project_prita/data/temp/gbr_0.shp,BNAME,-1,-1;BNUM "BNUM" true true false 5 Text 0 0 ,First,#,C:/Py/NRS568/Code/mid_project_prita/data/temp/gbr_0.shp,BNUM,-1,-1;RNAME "RNAME" true true false 35 Text 0 0 ,First,#,C:/Py/NRS568/Code/mid_project_prita/data/temp/gbr_0.shp,RNAME,-1,-1;RNUM "RNUM" true true false 5 Text 0 0 ,First,#,C:/Py/NRS568/Code/mid_project_prita/data/temp/gbr_0.shp,RNUM,-1,-1;DNAME "DNAME" true true false 25 Text 0 0 ,First,#,C:/Py/NRS568/Code/mid_project_prita/data/temp/gbr_0.shp,DNAME,-1,-1;DNUM "DNUM" true true false 5 Text 0 0 ,First,#,C:/Py/NRS568/Code/mid_project_prita/data/temp/gbr_0.shp,DNUM,-1,-1;CENTROID_Y "CENTROID_Y" true true false 19 Double 0 0 ,First,#,C:/Py/NRS568/Code/mid_project_prita/data/temp/gbr_0.shp,CENTROID_Y,-1,-1;CENTROID_X "CENTROID_X" true true false 19 Double 0 0 ,First,#,C:/Py/NRS568/Code/mid_project_prita/data/temp/gbr_0.shp,CENTROID_X,-1,-1;Shape_Leng "Shape_Leng" true true false 19 Double 0 0 ,First,#,C:/Py/NRS568/Code/mid_project_prita/data/temp/gbr_0.shp,Shape_Leng,-1,-1;Shape_Area "Shape_Area" true true false 19 Double 0 0 ,First,#,C:/Py/NRS568/Code/mid_project_prita/data/temp/gbr_0.shp,Shape_Area,-1,-1;INDEX1 "INDEX1" true true false 19 Double 0 0 ,First,#,C:/Py/NRS568/Code/mid_project_prita/data/temp/gbr_0.shp,INDEX1,-1,-1;Id "Id" true true false 6 Long 0 6 ,First,#,C:/Py/NRS568/Code/mid_project_prita/data/temp/qsl_pig.shp,Id,-1,-1" INTERSECT # #</Process><Process ToolSource="c:\program files (x86)\arcgis\desktop10.5\ArcToolbox\Toolboxes\Data Management Tools.tbx\AddField" Date="20190322" Time="025407">AddField C:/Py/NRS568/Code/mid_project_prita/data/temp/gbr_1.shp INDEX2 DOUBLE # # # # NULLABLE NON_REQUIRED #</Process><Process ToolSource="c:\program files (x86)\arcgis\desktop10.5\ArcToolbox\Toolboxes\Data Management Tools.tbx\CalculateField" Date="20190322" Time="025407">CalculateField C:/Py/NRS568/Code/mid_project_prita/data/temp/gbr_1.shp INDEX2 [Join_Count] VB #</Process><Process ToolSource="c:\program files (x86)\arcgis\desktop10.5\ArcToolbox\Toolboxes\Data Management Tools.tbx\DeleteField" Date="20190322" Time="025407">DeleteField C:/Py/NRS568/Code/mid_project_prita/data/temp/gbr_1.shp Join_Count</Process><Process ToolSource="c:\program files (x86)\arcgis\desktop10.5\ArcToolbox\Toolboxes\Data Management Tools.tbx\DeleteField" Date="20190322" Time="025407">DeleteField C:/Py/NRS568/Code/mid_project_prita/data/temp/gbr_1.shp TARGET_FID</Process><Process ToolSource="c:\program files (x86)\arcgis\desktop10.5\ArcToolbox\Toolboxes\Data Management Tools.tbx\DeleteField" Date="20190322" Time="025407">DeleteField C:/Py/NRS568/Code/mid_project_prita/data/temp/gbr_1.shp Id</Process><Process ToolSource="c:\program files (x86)\arcgis\desktop10.5\ArcToolbox\Toolboxes\Analysis Tools.tbx\SpatialJoin" Date="20190322" Time="025407">SpatialJoin C:/Py/NRS568/Code/mid_project_prita/data/temp/gbr_1.shp C:/Py/NRS568/Code/mid_project_prita/data/temp/qsl_poultry.shp C:\Py\NRS568\Code\mid_project_prita\data\temp\gbr_2.shp JOIN_ONE_TO_ONE KEEP_ALL "AREA "AREA" true true false 19 Double 0 0 ,First,#,C:/Py/NRS568/Code/mid_project_prita/data/temp/gbr_1.shp,AREA,-1,-1;PERIMETER "PERIMETER" true true false 19 Double 0 0 ,First,#,C:/Py/NRS568/Code/mid_project_prita/data/temp/gbr_1.shp,PERIMETER,-1,-1;AUS_ "AUS_" true true false 19 Double 0 0 ,First,#,C:/Py/NRS568/Code/mid_project_prita/data/temp/gbr_1.shp,AUS_,-1,-1;AUS_ID "AUS_ID" true true false 19 Double 0 0 ,First,#,C:/Py/NRS568/Code/mid_project_prita/data/temp/gbr_1.shp,AUS_ID,-1,-1;F_CODE "F_CODE" true true false 12 Text 0 0 ,First,#,C:/Py/NRS568/Code/mid_project_prita/data/temp/gbr_1.shp,F_CODE,-1,-1;BNAME "BNAME" true true false 30 Text 0 0 ,First,#,C:/Py/NRS568/Code/mid_project_prita/data/temp/gbr_1.shp,BNAME,-1,-1;BNUM "BNUM" true true false 5 Text 0 0 ,First,#,C:/Py/NRS568/Code/mid_project_prita/data/temp/gbr_1.shp,BNUM,-1,-1;RNAME "RNAME" true true false 35 Text 0 0 ,First,#,C:/Py/NRS568/Code/mid_project_prita/data/temp/gbr_1.shp,RNAME,-1,-1;RNUM "RNUM" true true false 5 Text 0 0 ,First,#,C:/Py/NRS568/Code/mid_project_prita/data/temp/gbr_1.shp,RNUM,-1,-1;DNAME "DNAME" true true false 25 Text 0 0 ,First,#,C:/Py/NRS568/Code/mid_project_prita/data/temp/gbr_1.shp,DNAME,-1,-1;DNUM "DNUM" true true false 5 Text 0 0 ,First,#,C:/Py/NRS568/Code/mid_project_prita/data/temp/gbr_1.shp,DNUM,-1,-1;CENTROID_Y "CENTROID_Y" true true false 19 Double 0 0 ,First,#,C:/Py/NRS568/Code/mid_project_prita/data/temp/gbr_1.shp,CENTROID_Y,-1,-1;CENTROID_X "CENTROID_X" true true false 19 Double 0 0 ,First,#,C:/Py/NRS568/Code/mid_project_prita/data/temp/gbr_1.shp,CENTROID_X,-1,-1;Shape_Leng "Shape_Leng" true true false 19 Double 0 0 ,First,#,C:/Py/NRS568/Code/mid_project_prita/data/temp/gbr_1.shp,Shape_Leng,-1,-1;Shape_Area "Shape_Area" true true false 19 Double 0 0 ,First,#,C:/Py/NRS568/Code/mid_project_prita/data/temp/gbr_1.shp,Shape_Area,-1,-1;INDEX1 "INDEX1" true true false 19 Double 0 0 ,First,#,C:/Py/NRS568/Code/mid_project_prita/data/temp/gbr_1.shp,INDEX1,-1,-1;INDEX2 "INDEX2" true true false 19 Double 0 0 ,First,#,C:/Py/NRS568/Code/mid_project_prita/data/temp/gbr_1.shp,INDEX2,-1,-1;Id "Id" true true false 6 Long 0 6 ,First,#,C:/Py/NRS568/Code/mid_project_prita/data/temp/qsl_poultry.shp,Id,-1,-1" INTERSECT # #</Process><Process ToolSource="c:\program files (x86)\arcgis\desktop10.5\ArcToolbox\Toolboxes\Data Management Tools.tbx\AddField" Date="20190322" Time="025407">AddField C:/Py/NRS568/Code/mid_project_prita/data/temp/gbr_2.shp INDEX3 DOUBLE # # # # NULLABLE NON_REQUIRED #</Process><Process ToolSource="c:\program files (x86)\arcgis\desktop10.5\ArcToolbox\Toolboxes\Data Management Tools.tbx\CalculateField" Date="20190322" Time="025407">CalculateField C:/Py/NRS568/Code/mid_project_prita/data/temp/gbr_2.shp INDEX3 [Join_Count] VB #</Process><Process ToolSource="c:\program files (x86)\arcgis\desktop10.5\ArcToolbox\Toolboxes\Data Management Tools.tbx\DeleteField" Date="20190322" Time="025407">DeleteField C:/Py/NRS568/Code/mid_project_prita/data/temp/gbr_2.shp Join_Count</Process><Process ToolSource="c:\program files (x86)\arcgis\desktop10.5\ArcToolbox\Toolboxes\Data Management Tools.tbx\DeleteField" Date="20190322" Time="025407">DeleteField C:/Py/NRS568/Code/mid_project_prita/data/temp/gbr_2.shp TARGET_FID</Process><Process ToolSource="c:\program files (x86)\arcgis\desktop10.5\ArcToolbox\Toolboxes\Data Management Tools.tbx\DeleteField" Date="20190322" Time="025407">DeleteField C:/Py/NRS568/Code/mid_project_prita/data/temp/gbr_2.shp Id</Process><Process ToolSource="c:\program files (x86)\arcgis\desktop10.5\ArcToolbox\Toolboxes\Analysis Tools.tbx\SpatialJoin" Date="20190322" Time="025407">SpatialJoin C:/Py/NRS568/Code/mid_project_prita/data/temp/gbr_2.shp C:/Py/NRS568/Code/mid_project_prita/data/temp/qsl_sawmills.shp C:\Py\NRS568\Code\mid_project_prita\data\temp\gbr_3.shp JOIN_ONE_TO_ONE KEEP_ALL "AREA "AREA" true true false 19 Double 0 0 ,First,#,C:/Py/NRS568/Code/mid_project_prita/data/temp/gbr_2.shp,AREA,-1,-1;PERIMETER "PERIMETER" true true false 19 Double 0 0 ,First,#,C:/Py/NRS568/Code/mid_project_prita/data/temp/gbr_2.shp,PERIMETER,-1,-1;AUS_ "AUS_" true true false 19 Double 0 0 ,First,#,C:/Py/NRS568/Code/mid_project_prita/data/temp/gbr_2.shp,AUS_,-1,-1;AUS_ID "AUS_ID" true true false 19 Double 0 0 ,First,#,C:/Py/NRS568/Code/mid_project_prita/data/temp/gbr_2.shp,AUS_ID,-1,-1;F_CODE "F_CODE" true true false 12 Text 0 0 ,First,#,C:/Py/NRS568/Code/mid_project_prita/data/temp/gbr_2.shp,F_CODE,-1,-1;BNAME "BNAME" true true false 30 Text 0 0 ,First,#,C:/Py/NRS568/Code/mid_project_prita/data/temp/gbr_2.shp,BNAME,-1,-1;BNUM "BNUM" true true false 5 Text 0 0 ,First,#,C:/Py/NRS568/Code/mid_project_prita/data/temp/gbr_2.shp,BNUM,-1,-1;RNAME "RNAME" true true false 35 Text 0 0 ,First,#,C:/Py/NRS568/Code/mid_project_prita/data/temp/gbr_2.shp,RNAME,-1,-1;RNUM "RNUM" true true false 5 Text 0 0 ,First,#,C:/Py/NRS568/Code/mid_project_prita/data/temp/gbr_2.shp,RNUM,-1,-1;DNAME "DNAME" true true false 25 Text 0 0 ,First,#,C:/Py/NRS568/Code/mid_project_prita/data/temp/gbr_2.shp,DNAME,-1,-1;DNUM "DNUM" true true false 5 Text 0 0 ,First,#,C:/Py/NRS568/Code/mid_project_prita/data/temp/gbr_2.shp,DNUM,-1,-1;CENTROID_Y "CENTROID_Y" true true false 19 Double 0 0 ,First,#,C:/Py/NRS568/Code/mid_project_prita/data/temp/gbr_2.shp,CENTROID_Y,-1,-1;CENTROID_X "CENTROID_X" true true false 19 Double 0 0 ,First,#,C:/Py/NRS568/Code/mid_project_prita/data/temp/gbr_2.shp,CENTROID_X,-1,-1;Shape_Leng "Shape_Leng" true true false 19 Double 0 0 ,First,#,C:/Py/NRS568/Code/mid_project_prita/data/temp/gbr_2.shp,Shape_Leng,-1,-1;Shape_Area "Shape_Area" true true false 19 Double 0 0 ,First,#,C:/Py/NRS568/Code/mid_project_prita/data/temp/gbr_2.shp,Shape_Area,-1,-1;INDEX1 "INDEX1" true true false 19 Double 0 0 ,First,#,C:/Py/NRS568/Code/mid_project_prita/data/temp/gbr_2.shp,INDEX1,-1,-1;INDEX2 "INDEX2" true true false 19 Double 0 0 ,First,#,C:/Py/NRS568/Code/mid_project_prita/data/temp/gbr_2.shp,INDEX2,-1,-1;INDEX3 "INDEX3" true true false 19 Double 0 0 ,First,#,C:/Py/NRS568/Code/mid_project_prita/data/temp/gbr_2.shp,INDEX3,-1,-1;Id "Id" true true false 6 Long 0 6 ,First,#,C:/Py/NRS568/Code/mid_project_prita/data/temp/qsl_sawmills.shp,Id,-1,-1" INTERSECT # #</Process><Process ToolSource="c:\program files (x86)\arcgis\desktop10.5\ArcToolbox\Toolboxes\Data Management Tools.tbx\AddField" Date="20190322" Time="025407">AddField C:/Py/NRS568/Code/mid_project_prita/data/temp/gbr_3.shp INDEX4 DOUBLE # # # # NULLABLE NON_REQUIRED #</Process><Process ToolSource="c:\program files (x86)\arcgis\desktop10.5\ArcToolbox\Toolboxes\Data Management Tools.tbx\CalculateField" Date="20190322" Time="025407">CalculateField C:/Py/NRS568/Code/mid_project_prita/data/temp/gbr_3.shp INDEX4 [Join_Count] VB #</Process><Process ToolSource="c:\program files (x86)\arcgis\desktop10.5\ArcToolbox\Toolboxes\Data Management Tools.tbx\DeleteField" Date="20190322" Time="025407">DeleteField C:/Py/NRS568/Code/mid_project_prita/data/temp/gbr_3.shp Join_Count</Process><Process ToolSource="c:\program files (x86)\arcgis\desktop10.5\ArcToolbox\Toolboxes\Data Management Tools.tbx\DeleteField" Date="20190322" Time="025407">DeleteField C:/Py/NRS568/Code/mid_project_prita/data/temp/gbr_3.shp TARGET_FID</Process><Process ToolSource="c:\program files (x86)\arcgis\desktop10.5\ArcToolbox\Toolboxes\Data Management Tools.tbx\DeleteField" Date="20190322" Time="025407">DeleteField C:/Py/NRS568/Code/mid_project_prita/data/temp/gbr_3.shp Id</Process><Process ToolSource="c:\program files (x86)\arcgis\desktop10.5\ArcToolbox\Toolboxes\Analysis Tools.tbx\SpatialJoin" Date="20190322" Time="025407">SpatialJoin C:/Py/NRS568/Code/mid_project_prita/data/temp/gbr_3.shp C:/Py/NRS568/Code/mid_project_prita/data/temp/qsl_sheep.shp C:\Py\NRS568\Code\mid_project_prita\data\temp\gbr_4.shp JOIN_ONE_TO_ONE KEEP_ALL "AREA "AREA" true true false 19 Double 0 0 ,First,#,C:/Py/NRS568/Code/mid_project_prita/data/temp/gbr_3.shp,AREA,-1,-1;PERIMETER "PERIMETER" true true false 19 Double 0 0 ,First,#,C:/Py/NRS568/Code/mid_project_prita/data/temp/gbr_3.shp,PERIMETER,-1,-1;AUS_ "AUS_" true true false 19 Double 0 0 ,First,#,C:/Py/NRS568/Code/mid_project_prita/data/temp/gbr_3.shp,AUS_,-1,-1;AUS_ID "AUS_ID" true true false 19 Double 0 0 ,First,#,C:/Py/NRS568/Code/mid_project_prita/data/temp/gbr_3.shp,AUS_ID,-1,-1;F_CODE "F_CODE" true true false 12 Text 0 0 ,First,#,C:/Py/NRS568/Code/mid_project_prita/data/temp/gbr_3.shp,F_CODE,-1,-1;BNAME "BNAME" true true false 30 Text 0 0 ,First,#,C:/Py/NRS568/Code/mid_project_prita/data/temp/gbr_3.shp,BNAME,-1,-1;BNUM "BNUM" true true false 5 Text 0 0 ,First,#,C:/Py/NRS568/Code/mid_project_prita/data/temp/gbr_3.shp,BNUM,-1,-1;RNAME "RNAME" true true false 35 Text 0 0 ,First,#,C:/Py/NRS568/Code/mid_project_prita/data/temp/gbr_3.shp,RNAME,-1,-1;RNUM "RNUM" true true false 5 Text 0 0 ,First,#,C:/Py/NRS568/Code/mid_project_prita/data/temp/gbr_3.shp,RNUM,-1,-1;DNAME "DNAME" true true false 25 Text 0 0 ,First,#,C:/Py/NRS568/Code/mid_project_prita/data/temp/gbr_3.shp,DNAME,-1,-1;DNUM "DNUM" true true false 5 Text 0 0 ,First,#,C:/Py/NRS568/Code/mid_project_prita/data/temp/gbr_3.shp,DNUM,-1,-1;CENTROID_Y "CENTROID_Y" true true false 19 Double 0 0 ,First,#,C:/Py/NRS568/Code/mid_project_prita/data/temp/gbr_3.shp,CENTROID_Y,-1,-1;CENTROID_X "CENTROID_X" true true false 19 Double 0 0 ,First,#,C:/Py/NRS568/Code/mid_project_prita/data/temp/gbr_3.shp,CENTROID_X,-1,-1;Shape_Leng "Shape_Leng" true true false 19 Double 0 0 ,First,#,C:/Py/NRS568/Code/mid_project_prita/data/temp/gbr_3.shp,Shape_Leng,-1,-1;Shape_Area "Shape_Area" true true false 19 Double 0 0 ,First,#,C:/Py/NRS568/Code/mid_project_prita/data/temp/gbr_3.shp,Shape_Area,-1,-1;INDEX1 "INDEX1" true true false 19 Double 0 0 ,First,#,C:/Py/NRS568/Code/mid_project_prita/data/temp/gbr_3.shp,INDEX1,-1,-1;INDEX2 "INDEX2" true true false 19 Double 0 0 ,First,#,C:/Py/NRS568/Code/mid_project_prita/data/temp/gbr_3.shp,INDEX2,-1,-1;INDEX3 "INDEX3" true true false 19 Double 0 0 ,First,#,C:/Py/NRS568/Code/mid_project_prita/data/temp/gbr_3.shp,INDEX3,-1,-1;INDEX4 "INDEX4" true true false 19 Double 0 0 ,First,#,C:/Py/NRS568/Code/mid_project_prita/data/temp/gbr_3.shp,INDEX4,-1,-1;Id "Id" true true false 6 Long 0 6 ,First,#,C:/Py/NRS568/Code/mid_project_prita/data/temp/qsl_sheep.shp,Id,-1,-1" INTERSECT # #</Process><Process ToolSource="c:\program files (x86)\arcgis\desktop10.5\ArcToolbox\Toolboxes\Data Management Tools.tbx\AddField" Date="20190322" Time="025407">AddField C:/Py/NRS568/Code/mid_project_prita/data/temp/gbr_4.shp INDEX5 DOUBLE # # # # NULLABLE NON_REQUIRED #</Process><Process ToolSource="c:\program files (x86)\arcgis\desktop10.5\ArcToolbox\Toolboxes\Data Management Tools.tbx\CalculateField" Date="20190322" Time="025407">CalculateField C:/Py/NRS568/Code/mid_project_prita/data/temp/gbr_4.shp INDEX5 [Join_Count] VB #</Process><Process ToolSource="c:\program files (x86)\arcgis\desktop10.5\ArcToolbox\Toolboxes\Data Management Tools.tbx\DeleteField" Date="20190322" Time="025407">DeleteField C:/Py/NRS568/Code/mid_project_prita/data/temp/gbr_4.shp Join_Count</Process><Process ToolSource="c:\program files (x86)\arcgis\desktop10.5\ArcToolbox\Toolboxes\Data Management Tools.tbx\DeleteField" Date="20190322" Time="025407">DeleteField C:/Py/NRS568/Code/mid_project_prita/data/temp/gbr_4.shp TARGET_FID</Process><Process ToolSource="c:\program files (x86)\arcgis\desktop10.5\ArcToolbox\Toolboxes\Data Management Tools.tbx\DeleteField" Date="20190322" Time="025407">DeleteField C:/Py/NRS568/Code/mid_project_prita/data/temp/gbr_4.shp Id</Process><Process ToolSource="c:\program files (x86)\arcgis\desktop10.5\ArcToolbox\Toolboxes\Data Management Tools.tbx\AddField" Date="20190322" Time="025407">AddField C:/Py/NRS568/Code/mid_project_prita/data/temp/gbr_4.shp INDEX FLOAT # # # # NULLABLE NON_REQUIRED #</Process><Process ToolSource="c:\program files (x86)\arcgis\desktop10.5\ArcToolbox\Toolboxes\Data Management Tools.tbx\CalculateField" Date="20190322" Time="025408">CalculateField C:/Py/NRS568/Code/mid_project_prita/data/temp/gbr_4.shp INDEX "([INDEX1] + [INDEX2] + [INDEX3] + [INDEX4] + [INDEX5])/ [AREA]" VB #</Process><Process ToolSource="c:\program files (x86)\arcgis\desktop10.5\ArcToolbox\Toolboxes\Data Management Tools.tbx\CopyFeatures" Date="20190322" Time="025408">CopyFeatures C:/Py/NRS568/Code/mid_project_prita/data/temp/gbr_4.shp C:\Py\NRS568\Code\mid_project_prita\data\output\final.shp # 0 0 0</Process></lineage><itemProps><itemName Sync="TRUE">final</itemName><imsContentType Sync="TRUE">002</imsContentType><itemLocation><linkage Sync="TRUE">file://\\PRITAAN1F51\C$\Py\NRS568\Code\mid_project_prita\data\output\final.shp</linkage><protocol Sync="TRUE">Local Area Network</protocol></itemLocation><itemSize Sync="TRUE">0.000</itemSize></itemProps><coordRef><type Sync="TRUE">Geographic</type><geogcsn Sync="TRUE">GCS_GDA_1994</geogcsn><csUnits Sync="TRUE">Angular Unit: Degree (0.017453)</csUnits><peXml Sync="TRUE">&lt;GeographicCoordinateSystem xsi:type='typens:GeographicCoordinateSystem' xmlns:xsi='http://www.w3.org/2001/XMLSchema-instance' xmlns:xs='http://www.w3.org/2001/XMLSchema' xmlns:typens='http://www.esri.com/schemas/ArcGIS/10.5'&gt;&lt;WKT&gt;GEOGCS[&amp;quot;GCS_GDA_1994&amp;quot;,DATUM[&amp;quot;D_GDA_1994&amp;quot;,SPHEROID[&amp;quot;GRS_1980&amp;quot;,6378137.0,298.257222101]],PRIMEM[&amp;quot;Greenwich&amp;quot;,0.0],UNIT[&amp;quot;Degree&amp;quot;,0.0174532925199433],AUTHORITY[&amp;quot;EPSG&amp;quot;,4283]]&lt;/WKT&gt;&lt;XOrigin&gt;-400&lt;/XOrigin&gt;&lt;YOrigin&gt;-400&lt;/YOrigin&gt;&lt;XYScale&gt;11258999068426.238&lt;/XYScale&gt;&lt;ZOrigin&gt;-100000&lt;/ZOrigin&gt;&lt;ZScale&gt;10000&lt;/ZScale&gt;&lt;MOrigin&gt;-100000&lt;/MOrigin&gt;&lt;MScale&gt;10000&lt;/MScale&gt;&lt;XYTolerance&gt;8.9831528411952133e-009&lt;/XYTolerance&gt;&lt;ZTolerance&gt;0.001&lt;/ZTolerance&gt;&lt;MTolerance&gt;0.001&lt;/MTolerance&gt;&lt;HighPrecision&gt;true&lt;/HighPrecision&gt;&lt;LeftLongitude&gt;-180&lt;/LeftLongitude&gt;&lt;WKID&gt;4283&lt;/WKID&gt;&lt;LatestWKID&gt;4283&lt;/LatestWKID&gt;&lt;/GeographicCoordinateSystem&gt;</peXml></coordRef></DataProperties><SyncDate>20190322</SyncDate><SyncTime>02540800</SyncTime><ModDate>20190322</ModDate><ModTime>02540800</ModTime></Esri><idinfo><citation><citeinfo><onlink Sync="TRUE">\\PC-32036\C\WorkSpace\rbasin_polygon</onlink></citeinfo></citation></idinfo><distInfo><distributor><distorTran><onLineSrc><linkage Sync="TRUE">file://\\PC-32036\C\WorkSpace\rbasin_polygon</linkage><protocol Sync="TRUE">Local Area Network</protocol></onLineSrc></distorTran></distributor><distFormat><formatName Sync="TRUE">Shapefile</formatName></distFormat><distTranOps><transSize Sync="TRUE">0.000</transSize></distTranOps></distInfo><dataqual><lineage><procstep><procdesc Sync="TRUE">Dataset copied.</procdesc><srcused Sync="TRUE">O:\data\physiography\topographic_relief\natural_boundaries\RiverBasins1997\esri_shape\rbasin_polygon</srcused><date Sync="TRUE">20080617</date><time Sync="TRUE">13095400</time></procstep></lineage></dataqual><dataIdInfo><envirDesc Sync="TRUE">Microsoft Windows 7 Version 6.1 (Build 7601) Service Pack 1; Esri ArcGIS 10.5.1.7333</envirDesc><dataLang><languageCode value="eng" Sync="TRUE"></languageCode><countryCode value="USA" Sync="TRUE"></countryCode></dataLang><idCitation><resTitle Sync="TRUE">final</resTitle><presForm><PresFormCd value="005" Sync="TRUE"></PresFormCd></presForm></idCitation><spatRpType><SpatRepTypCd value="001" Sync="TRUE"></SpatRepTypCd></spatRpType></dataIdInfo><mdLang><languageCode value="eng" Sync="TRUE"></languageCode><countryCode value="USA" Sync="TRUE"></countryCode></mdLang><mdHrLv><ScopeCd value="005" Sync="TRUE"></ScopeCd></mdHrLv><mdHrLvName Sync="TRUE">dataset</mdHrLvName><refSysInfo><RefSystem><refSysID><identCode code="4283" Sync="TRUE"></identCode><idCodeSpace Sync="TRUE">EPSG</idCodeSpace><idVersion Sync="TRUE">8.3.4(3.0.1)</idVersion></refSysID></RefSystem></refSysInfo><spatRepInfo><VectSpatRep><geometObjs Name="final"><geoObjTyp><GeoObjTypCd value="002" Sync="TRUE"></GeoObjTypCd></geoObjTyp><geoObjCnt Sync="TRUE">0</geoObjCnt></geometObjs><topLvl><TopoLevCd value="001" Sync="TRUE"></TopoLevCd></topLvl></VectSpatRep></spatRepInfo><spdoinfo><ptvctinf><esriterm Name="final"><efeatyp Sync="TRUE">Simple</efeatyp><efeageom code="4" Sync="TRUE"></efeageom><esritopo Sync="TRUE">FALSE</esritopo><efeacnt Sync="TRUE">0</efeacnt><spindex Sync="TRUE">FALSE</spindex><linrefer Sync="TRUE">FALSE</linrefer></esriterm></ptvctinf></spdoinfo><eainfo><detailed Name="final"><enttyp><enttypl Sync="TRUE">final</enttypl><enttypt Sync="TRUE">Feature Class</enttypt><enttypc Sync="TRUE">0</enttypc></enttyp><attr><attrlabl Sync="TRUE">FID</attrlabl><attalias Sync="TRUE">FID</attalias><attrtype Sync="TRUE">OID</attrtype><attwidth Sync="TRUE">4</attwidth><atprecis Sync="TRUE">0</atprecis><attscale Sync="TRUE">0</attscale><attrdef Sync="TRUE">Internal feature number.</attrdef><attrdefs Sync="TRUE">Esri</attrdefs><attrdomv><udom Sync="TRUE">Sequential unique whole numbers that are automatically generated.</udom></attrdomv></attr><attr><attrlabl Sync="TRUE">Shape</attrlabl><attalias Sync="TRUE">Shape</attalias><attrtype Sync="TRUE">Geometry</attrtype><attwidth Sync="TRUE">0</attwidth><atprecis Sync="TRUE">0</atprecis><attscale Sync="TRUE">0</attscale><attrdef Sync="TRUE">Feature geometry.</attrdef><attrdefs Sync="TRUE">Esri</attrdefs><attrdomv><udom Sync="TRUE">Coordinates defining the features.</udom></attrdomv></attr><attr><attrlabl Sync="TRUE">AREA</attrlabl><attalias Sync="TRUE">AREA</attalias><attrtype Sync="TRUE">Double</attrtype><attwidth Sync="TRUE">19</attwidth><atprecis Sync="TRUE">0</atprecis><attscale Sync="TRUE">0</attscale></attr><attr><attrlabl Sync="TRUE">PERIMETER</attrlabl><attalias Sync="TRUE">PERIMETER</attalias><attrtype Sync="TRUE">Double</attrtype><attwidth Sync="TRUE">19</attwidth><atprecis Sync="TRUE">0</atprecis><attscale Sync="TRUE">0</attscale></attr><attr><attrlabl Sync="TRUE">AUS_</attrlabl><attalias Sync="TRUE">AUS_</attalias><attrtype Sync="TRUE">Double</attrtype><attwidth Sync="TRUE">19</attwidth><atprecis Sync="TRUE">0</atprecis><attscale Sync="TRUE">0</attscale></attr><attr><attrlabl Sync="TRUE">AUS_ID</attrlabl><attalias Sync="TRUE">AUS_ID</attalias><attrtype Sync="TRUE">Double</attrtype><attwidth Sync="TRUE">19</attwidth><atprecis Sync="TRUE">0</atprecis><attscale Sync="TRUE">0</attscale></attr><attr><attrlabl Sync="TRUE">F_CODE</attrlabl><attalias Sync="TRUE">F_CODE</attalias><attrtype Sync="TRUE">String</attrtype><attwidth Sync="TRUE">12</attwidth><atprecis Sync="TRUE">0</atprecis><attscale Sync="TRUE">0</attscale></attr><attr><attrlabl Sync="TRUE">BNAME</attrlabl><attalias Sync="TRUE">BNAME</attalias><attrtype Sync="TRUE">String</attrtype><attwidth Sync="TRUE">30</attwidth><atprecis Sync="TRUE">0</atprecis><attscale Sync="TRUE">0</attscale></attr><attr><attrlabl Sync="TRUE">BNUM</attrlabl><attalias Sync="TRUE">BNUM</attalias><attrtype Sync="TRUE">String</attrtype><attwidth Sync="TRUE">5</attwidth><atprecis Sync="TRUE">0</atprecis><attscale Sync="TRUE">0</attscale></attr><attr><attrlabl Sync="TRUE">RNAME</attrlabl><attalias Sync="TRUE">RNAME</attalias><attrtype Sync="TRUE">String</attrtype><attwidth Sync="TRUE">35</attwidth><atprecis Sync="TRUE">0</atprecis><attscale Sync="TRUE">0</attscale></attr><attr><attrlabl Sync="TRUE">RNUM</attrlabl><attalias Sync="TRUE">RNUM</attalias><attrtype Sync="TRUE">String</attrtype><attwidth Sync="TRUE">5</attwidth><atprecis Sync="TRUE">0</atprecis><attscale Sync="TRUE">0</attscale></attr><attr><attrlabl Sync="TRUE">DNAME</attrlabl><attalias Sync="TRUE">DNAME</attalias><attrtype Sync="TRUE">String</attrtype><attwidth Sync="TRUE">25</attwidth><atprecis Sync="TRUE">0</atprecis><attscale Sync="TRUE">0</attscale></attr><attr><attrlabl Sync="TRUE">DNUM</attrlabl><attalias Sync="TRUE">DNUM</attalias><attrtype Sync="TRUE">String</attrtype><attwidth Sync="TRUE">5</attwidth><atprecis Sync="TRUE">0</atprecis><attscale Sync="TRUE">0</attscale></attr><attr><attrlabl Sync="TRUE">CENTROID_Y</attrlabl><attalias Sync="TRUE">CENTROID_Y</attalias><attrtype Sync="TRUE">Double</attrtype><attwidth Sync="TRUE">19</attwidth><atprecis Sync="TRUE">0</atprecis><attscale Sync="TRUE">0</attscale></attr><attr><attrlabl Sync="TRUE">CENTROID_X</attrlabl><attalias Sync="TRUE">CENTROID_X</attalias><attrtype Sync="TRUE">Double</attrtype><attwidth Sync="TRUE">19</attwidth><atprecis Sync="TRUE">0</atprecis><attscale Sync="TRUE">0</attscale></attr><attr><attrlabl Sync="TRUE">Shape_Leng</attrlabl><attalias Sync="TRUE">Shape_Leng</attalias><attrtype Sync="TRUE">Double</attrtype><attwidth Sync="TRUE">19</attwidth><atprecis Sync="TRUE">0</atprecis><attscale Sync="TRUE">0</attscale></attr><attr><attrlabl Sync="TRUE">Shape_Area</attrlabl><attalias Sync="TRUE">Shape_Area</attalias><attrtype Sync="TRUE">Double</attrtype><attwidth Sync="TRUE">19</attwidth><atprecis Sync="TRUE">0</atprecis><attscale Sync="TRUE">0</attscale><attrdef Sync="TRUE">Area of feature in internal units squared.</attrdef><attrdefs Sync="TRUE">Esri</attrdefs><attrdomv><udom Sync="TRUE">Positive real numbers that are automatically generated.</udom></attrdomv></attr><attr><attrlabl Sync="TRUE">INDEX1</attrlabl><attalias Sync="TRUE">INDEX1</attalias><attrtype Sync="TRUE">Double</attrtype><attwidth Sync="TRUE">19</attwidth><atprecis Sync="TRUE">0</atprecis><attscale Sync="TRUE">0</attscale></attr><attr><attrlabl Sync="TRUE">INDEX2</attrlabl><attalias Sync="TRUE">INDEX2</attalias><attrtype Sync="TRUE">Double</attrtype><attwidth Sync="TRUE">19</attwidth><atprecis Sync="TRUE">0</atprecis><attscale Sync="TRUE">0</attscale></attr><attr><attrlabl Sync="TRUE">INDEX3</attrlabl><attalias Sync="TRUE">INDEX3</attalias><attrtype Sync="TRUE">Double</attrtype><attwidth Sync="TRUE">19</attwidth><atprecis Sync="TRUE">0</atprecis><attscale Sync="TRUE">0</attscale></attr><attr><attrlabl Sync="TRUE">INDEX4</attrlabl><attalias Sync="TRUE">INDEX4</attalias><attrtype Sync="TRUE">Double</attrtype><attwidth Sync="TRUE">19</attwidth><atprecis Sync="TRUE">0</atprecis><attscale Sync="TRUE">0</attscale></attr><attr><attrlabl Sync="TRUE">INDEX5</attrlabl><attalias Sync="TRUE">INDEX5</attalias><attrtype Sync="TRUE">Double</attrtype><attwidth Sync="TRUE">19</attwidth><atprecis Sync="TRUE">0</atprecis><attscale Sync="TRUE">0</attscale></attr><attr><attrlabl Sync="TRUE">INDEX</attrlabl><attalias Sync="TRUE">INDEX</attalias><attrtype Sync="TRUE">Single</attrtype><attwidth Sync="TRUE">13</attwidth><atprecis Sync="TRUE">0</atprecis><attscale Sync="TRUE">0</attscale></attr></detailed></eainfo><mdDateSt Sync="TRUE">20190322</mdDateSt></metadata>
